{
  "GET List Product" : {
    "transaction" : "GET List Product",
    "sampleCount" : 100,
    "errorCount" : 0,
    "errorPct" : 0.0,
    "meanResTime" : 4734.730000000001,
    "medianResTime" : 3960.5,
    "minResTime" : 650.0,
    "maxResTime" : 12738.0,
    "pct1ResTime" : 8756.9,
    "pct2ResTime" : 10610.149999999987,
    "pct3ResTime" : 12735.99,
    "throughput" : 0.33665499596014004,
    "receivedKBytesPerSec" : 0.2321078390115809,
    "sentKBytesPerSec" : 0.11309503770535954
  },
  "POST Create Order" : {
    "transaction" : "POST Create Order",
    "sampleCount" : 100,
    "errorCount" : 0,
    "errorPct" : 0.0,
    "meanResTime" : 2809.28,
    "medianResTime" : 1539.5,
    "minResTime" : 182.0,
    "maxResTime" : 12602.0,
    "pct1ResTime" : 7262.6,
    "pct2ResTime" : 9750.949999999995,
    "pct3ResTime" : 12600.58,
    "throughput" : 0.34542791610246776,
    "receivedKBytesPerSec" : 0.23613236452317132,
    "sentKBytesPerSec" : 0.1399927589673087
  },
  "POST Register" : {
    "transaction" : "POST Register",
    "sampleCount" : 100,
    "errorCount" : 0,
    "errorPct" : 0.0,
    "meanResTime" : 2269.6999999999994,
    "medianResTime" : 1237.0,
    "minResTime" : 283.0,
    "maxResTime" : 15509.0,
    "pct1ResTime" : 5465.200000000003,
    "pct2ResTime" : 7930.39999999999,
    "pct3ResTime" : 15438.369999999963,
    "throughput" : 0.33907500339075003,
    "receivedKBytesPerSec" : 0.19271645700528955,
    "sentKBytesPerSec" : 0.4540558668452461
  },
  "POST  Create Product" : {
    "transaction" : "POST  Create Product",
    "sampleCount" : 100,
    "errorCount" : 0,
    "errorPct" : 0.0,
    "meanResTime" : 5366.95,
    "medianResTime" : 4562.0,
    "minResTime" : 770.0,
    "maxResTime" : 14835.0,
    "pct1ResTime" : 12031.300000000005,
    "pct2ResTime" : 13716.699999999997,
    "pct3ResTime" : 14829.249999999996,
    "throughput" : 0.33623391120734875,
    "receivedKBytesPerSec" : 0.21835503022742864,
    "sentKBytesPerSec" : 8.549180618973008
  },
  "GET Fetch Product by id" : {
    "transaction" : "GET Fetch Product by id",
    "sampleCount" : 100,
    "errorCount" : 0,
    "errorPct" : 0.0,
    "meanResTime" : 735.73,
    "medianResTime" : 390.0,
    "minResTime" : 87.0,
    "maxResTime" : 4730.0,
    "pct1ResTime" : 1750.9,
    "pct2ResTime" : 2588.449999999993,
    "pct3ResTime" : 4727.539999999999,
    "throughput" : 0.34491797850471156,
    "receivedKBytesPerSec" : 0.29270871418026795,
    "sentKBytesPerSec" : 0.0629879511527159
  },
  "GET Fetch Orders" : {
    "transaction" : "GET Fetch Orders",
    "sampleCount" : 100,
    "errorCount" : 0,
    "errorPct" : 0.0,
    "meanResTime" : 1377.3999999999996,
    "medianResTime" : 612.0,
    "minResTime" : 146.0,
    "maxResTime" : 8219.0,
    "pct1ResTime" : 3779.200000000001,
    "pct2ResTime" : 4743.499999999991,
    "pct3ResTime" : 8215.88,
    "throughput" : 0.34620164861225067,
    "receivedKBytesPerSec" : 0.4324139732178405,
    "sentKBytesPerSec" : 0.11528785368825926
  },
  "GET Fetch Order by id" : {
    "transaction" : "GET Fetch Order by id",
    "sampleCount" : 100,
    "errorCount" : 0,
    "errorPct" : 0.0,
    "meanResTime" : 1254.9600000000007,
    "medianResTime" : 532.5,
    "minResTime" : 102.0,
    "maxResTime" : 12725.0,
    "pct1ResTime" : 3552.400000000002,
    "pct2ResTime" : 6109.649999999974,
    "pct3ResTime" : 12677.879999999976,
    "throughput" : 0.34656158919282337,
    "receivedKBytesPerSec" : 0.43218666933519095,
    "sentKBytesPerSec" : 0.11743835102530246
  },
  "PUT Edit Order by id" : {
    "transaction" : "PUT Edit Order by id",
    "sampleCount" : 100,
    "errorCount" : 0,
    "errorPct" : 0.0,
    "meanResTime" : 1727.47,
    "medianResTime" : 678.0,
    "minResTime" : 117.0,
    "maxResTime" : 13268.0,
    "pct1ResTime" : 4253.500000000001,
    "pct2ResTime" : 6990.9999999999945,
    "pct3ResTime" : 13267.75,
    "throughput" : 0.3469270932713491,
    "receivedKBytesPerSec" : 0.23512441672882442,
    "sentKBytesPerSec" : 0.1334856198719839
  },
  "GET Fetch Products" : {
    "transaction" : "GET Fetch Products",
    "sampleCount" : 100,
    "errorCount" : 0,
    "errorPct" : 0.0,
    "meanResTime" : 2445.1300000000006,
    "medianResTime" : 1755.5,
    "minResTime" : 380.0,
    "maxResTime" : 10677.0,
    "pct1ResTime" : 6370.6,
    "pct2ResTime" : 7519.4,
    "pct3ResTime" : 10652.439999999988,
    "throughput" : 0.3446018126055343,
    "receivedKBytesPerSec" : 0.747422486129777,
    "sentKBytesPerSec" : 0.07908342379130914
  },
  "GET Get Product" : {
    "transaction" : "GET Get Product",
    "sampleCount" : 100,
    "errorCount" : 0,
    "errorPct" : 0.0,
    "meanResTime" : 3447.2599999999998,
    "medianResTime" : 2631.0,
    "minResTime" : 526.0,
    "maxResTime" : 16046.0,
    "pct1ResTime" : 6760.4,
    "pct2ResTime" : 7818.349999999993,
    "pct3ResTime" : 15973.389999999963,
    "throughput" : 0.3428579265324035,
    "receivedKBytesPerSec" : 0.2357148244910274,
    "sentKBytesPerSec" : 0.1175225900516344
  },
  "DEL Delete Product" : {
    "transaction" : "DEL Delete Product",
    "sampleCount" : 100,
    "errorCount" : 0,
    "errorPct" : 0.0,
    "meanResTime" : 2918.4500000000003,
    "medianResTime" : 1127.5,
    "minResTime" : 113.0,
    "maxResTime" : 15736.0,
    "pct1ResTime" : 8962.2,
    "pct2ResTime" : 11728.35,
    "pct3ResTime" : 15729.249999999996,
    "throughput" : 0.3473573056188518,
    "receivedKBytesPerSec" : 0.1058354290557439,
    "sentKBytesPerSec" : 0.1265276123006169
  },
  "POST Login" : {
    "transaction" : "POST Login",
    "sampleCount" : 100,
    "errorCount" : 0,
    "errorPct" : 0.0,
    "meanResTime" : 1492.8999999999999,
    "medianResTime" : 978.0,
    "minResTime" : 281.0,
    "maxResTime" : 6982.0,
    "pct1ResTime" : 3560.0,
    "pct2ResTime" : 4722.499999999997,
    "pct3ResTime" : 6969.559999999994,
    "throughput" : 0.3405959748367694,
    "receivedKBytesPerSec" : 0.16663924159494284,
    "sentKBytesPerSec" : 0.08847512627595767
  },
  "Total" : {
    "transaction" : "Total",
    "sampleCount" : 1200,
    "errorCount" : 0,
    "errorPct" : 0.0,
    "meanResTime" : 2548.3300000000004,
    "medianResTime" : 1248.5,
    "minResTime" : 87.0,
    "maxResTime" : 16046.0,
    "pct1ResTime" : 6496.400000000001,
    "pct2ResTime" : 8360.800000000003,
    "pct3ResTime" : 13501.99,
    "throughput" : 3.909966504620277,
    "receivedKBytesPerSec" : 3.344217770471933,
    "sentKBytesPerSec" : 9.75606645558278
  }
}