{
  "GET Get Category" : {
    "transaction" : "GET Get Category",
    "sampleCount" : 200,
    "errorCount" : 0,
    "errorPct" : 0.0,
    "meanResTime" : 924.4999999999991,
    "medianResTime" : 716.5,
    "minResTime" : 37.0,
    "maxResTime" : 4720.0,
    "pct1ResTime" : 2044.5,
    "pct2ResTime" : 2864.7499999999945,
    "pct3ResTime" : 3760.630000000002,
    "throughput" : 0.6596567146456984,
    "receivedKBytesPerSec" : 0.4696188915788224,
    "sentKBytesPerSec" : 0.11209010580893704
  },
  "GET List Products" : {
    "transaction" : "GET List Products",
    "sampleCount" : 200,
    "errorCount" : 0,
    "errorPct" : 0.0,
    "meanResTime" : 1255.1200000000013,
    "medianResTime" : 1145.0,
    "minResTime" : 134.0,
    "maxResTime" : 5255.0,
    "pct1ResTime" : 2291.2,
    "pct2ResTime" : 2629.3999999999996,
    "pct3ResTime" : 5134.670000000008,
    "throughput" : 0.6723073251244609,
    "receivedKBytesPerSec" : 8.47949911738654,
    "sentKBytesPerSec" : 0.11161352077261558
  },
  "POST  Create Product" : {
    "transaction" : "POST  Create Product",
    "sampleCount" : 200,
    "errorCount" : 0,
    "errorPct" : 0.0,
    "meanResTime" : 2713.51,
    "medianResTime" : 1997.5,
    "minResTime" : 429.0,
    "maxResTime" : 6429.0,
    "pct1ResTime" : 5632.7,
    "pct2ResTime" : 5962.0999999999985,
    "pct3ResTime" : 6332.610000000001,
    "throughput" : 0.6592805271607095,
    "receivedKBytesPerSec" : 1.3436510564146347,
    "sentKBytesPerSec" : 16.84114079430118
  },
  "GET List Categories" : {
    "transaction" : "GET List Categories",
    "sampleCount" : 200,
    "errorCount" : 0,
    "errorPct" : 0.0,
    "meanResTime" : 1159.4499999999996,
    "medianResTime" : 1061.5,
    "minResTime" : 43.0,
    "maxResTime" : 5383.0,
    "pct1ResTime" : 2308.2000000000003,
    "pct2ResTime" : 2916.2999999999984,
    "pct3ResTime" : 5302.980000000018,
    "throughput" : 0.6547052026148925,
    "receivedKBytesPerSec" : 0.6841157878886085,
    "sentKBytesPerSec" : 0.10997001450172024
  },
  "POST Registration" : {
    "transaction" : "POST Registration",
    "sampleCount" : 200,
    "errorCount" : 0,
    "errorPct" : 0.0,
    "meanResTime" : 1921.1949999999995,
    "medianResTime" : 1659.5,
    "minResTime" : 356.0,
    "maxResTime" : 6552.0,
    "pct1ResTime" : 3720.8,
    "pct2ResTime" : 4053.3999999999996,
    "pct3ResTime" : 5784.86000000001,
    "throughput" : 0.6458029267788642,
    "receivedKBytesPerSec" : 1.1140478887087817,
    "sentKBytesPerSec" : 0.19298407772884027
  },
  "GET List Offers" : {
    "transaction" : "GET List Offers",
    "sampleCount" : 200,
    "errorCount" : 0,
    "errorPct" : 0.0,
    "meanResTime" : 1131.1549999999997,
    "medianResTime" : 843.5,
    "minResTime" : 46.0,
    "maxResTime" : 5294.0,
    "pct1ResTime" : 2330.3,
    "pct2ResTime" : 2891.2999999999993,
    "pct3ResTime" : 4635.500000000002,
    "throughput" : 0.668918692932874,
    "receivedKBytesPerSec" : 0.7375481830496003,
    "sentKBytesPerSec" : 0.2802403508478544
  },
  "GET Get Product" : {
    "transaction" : "GET Get Product",
    "sampleCount" : 200,
    "errorCount" : 0,
    "errorPct" : 0.0,
    "meanResTime" : 983.8699999999995,
    "medianResTime" : 857.5,
    "minResTime" : 54.0,
    "maxResTime" : 5179.0,
    "pct1ResTime" : 1958.8000000000002,
    "pct2ResTime" : 2465.7,
    "pct3ResTime" : 4992.590000000008,
    "throughput" : 0.6741270055278414,
    "receivedKBytesPerSec" : 1.071513025397735,
    "sentKBytesPerSec" : 0.11652390622893354
  },
  "DEL Delete Product" : {
    "transaction" : "DEL Delete Product",
    "sampleCount" : 200,
    "errorCount" : 0,
    "errorPct" : 0.0,
    "meanResTime" : 1363.8550000000002,
    "medianResTime" : 925.0,
    "minResTime" : 56.0,
    "maxResTime" : 5669.0,
    "pct1ResTime" : 3249.5,
    "pct2ResTime" : 4157.65,
    "pct3ResTime" : 5543.480000000001,
    "throughput" : 0.6952507421801672,
    "receivedKBytesPerSec" : 0.5970737330793351,
    "sentKBytesPerSec" : 0.30349324390091287
  },
  "PUT Update Product" : {
    "transaction" : "PUT Update Product",
    "sampleCount" : 200,
    "errorCount" : 0,
    "errorPct" : 0.0,
    "meanResTime" : 9775.914999999997,
    "medianResTime" : 10586.5,
    "minResTime" : 1251.0,
    "maxResTime" : 18777.0,
    "pct1ResTime" : 15081.7,
    "pct2ResTime" : 15887.05,
    "pct3ResTime" : 17234.61,
    "throughput" : 0.6729226038067232,
    "receivedKBytesPerSec" : 1.4013317506333884,
    "sentKBytesPerSec" : 332.2577699429025
  },
  "POST Login" : {
    "transaction" : "POST Login",
    "sampleCount" : 200,
    "errorCount" : 0,
    "errorPct" : 0.0,
    "meanResTime" : 2189.549999999999,
    "medianResTime" : 2011.0,
    "minResTime" : 336.0,
    "maxResTime" : 5057.0,
    "pct1ResTime" : 3815.1,
    "pct2ResTime" : 4260.15,
    "pct3ResTime" : 5013.180000000002,
    "throughput" : 0.6484684795683794,
    "receivedKBytesPerSec" : 1.1188962651052627,
    "sentKBytesPerSec" : 0.18111521987944973
  },
  "PUT Update Offer" : {
    "transaction" : "PUT Update Offer",
    "sampleCount" : 200,
    "errorCount" : 0,
    "errorPct" : 0.0,
    "meanResTime" : 1078.869999999999,
    "medianResTime" : 840.0,
    "minResTime" : 69.0,
    "maxResTime" : 5862.0,
    "pct1ResTime" : 2061.6000000000004,
    "pct2ResTime" : 2326.3999999999996,
    "pct3ResTime" : 3592.170000000001,
    "throughput" : 0.6710801370345639,
    "receivedKBytesPerSec" : 1.9302368420059257,
    "sentKBytesPerSec" : 0.32177768289450287
  },
  "Total" : {
    "transaction" : "Total",
    "sampleCount" : 2800,
    "errorCount" : 0,
    "errorPct" : 0.0,
    "meanResTime" : 2146.3699999999917,
    "medianResTime" : 1267.5,
    "minResTime" : 37.0,
    "maxResTime" : 18777.0,
    "pct1ResTime" : 4673.700000000001,
    "pct2ResTime" : 6585.249999999994,
    "pct3ResTime" : 14547.549999999968,
    "throughput" : 8.92979585848825,
    "receivedKBytesPerSec" : 21.67221153669827,
    "sentKBytesPerSec" : 349.6443971660256
  },
  "POST Create Offer" : {
    "transaction" : "POST Create Offer",
    "sampleCount" : 200,
    "errorCount" : 0,
    "errorPct" : 0.0,
    "meanResTime" : 1713.2950000000005,
    "medianResTime" : 1151.5,
    "minResTime" : 101.0,
    "maxResTime" : 5661.0,
    "pct1ResTime" : 4448.0,
    "pct2ResTime" : 4764.449999999999,
    "pct3ResTime" : 5593.000000000001,
    "throughput" : 0.6643238180018468,
    "receivedKBytesPerSec" : 1.9148842114725402,
    "sentKBytesPerSec" : 0.345136983571272
  },
  "PUT Update Profile" : {
    "transaction" : "PUT Update Profile",
    "sampleCount" : 200,
    "errorCount" : 0,
    "errorPct" : 0.0,
    "meanResTime" : 2855.244999999999,
    "medianResTime" : 2175.5,
    "minResTime" : 938.0,
    "maxResTime" : 7894.0,
    "pct1ResTime" : 5709.200000000002,
    "pct2ResTime" : 6205.749999999999,
    "pct3ResTime" : 6911.120000000003,
    "throughput" : 0.658059251655019,
    "receivedKBytesPerSec" : 0.8969913119727301,
    "sentKBytesPerSec" : 16.68286559201478
  },
  "GET Get Profile" : {
    "transaction" : "GET Get Profile",
    "sampleCount" : 200,
    "errorCount" : 0,
    "errorPct" : 0.0,
    "meanResTime" : 983.6500000000007,
    "medianResTime" : 857.5,
    "minResTime" : 47.0,
    "maxResTime" : 5407.0,
    "pct1ResTime" : 1871.8,
    "pct2ResTime" : 2515.949999999998,
    "pct3ResTime" : 3907.3400000000015,
    "throughput" : 0.6952724946724744,
    "receivedKBytesPerSec" : 0.948530932673288,
    "sentKBytesPerSec" : 0.28381240505184996
  }
}